cluster,n,pct_pos
0,762,0.1994750656167979
1,38,0.47368421052631576
